,Canton,Commune,Language,Residents,Population density per km²,0-19 years,20-64 years,65 years or over,Private households,Surface area in km²,Settlement area,Agricultural area,Wooded area,Unproductive area,East coordinate,North coordinate,Elevation
654,GL,Glarus Nord,de,18483,125.7346939,20.09414056,61.92717632,17.97868311,8033,146.99,5.956347318,37.23397022,40.51812062,16.29156184,2723200,1217800,1213
655,GL,Glarus Süd,de,9494,22.07752947,16.1575732,58.94248999,24.8999368,4352,430.03,1.602102032,28.81458401,26.99855834,42.58475562,2724300,1206100,1800
656,GL,Glarus,de,12426,119.8610977,19.94205698,60.55045872,19.50748431,5536,103.68,4.141726202,26.3081676,34.35026067,35.19984553,2723700,1211300,1404
